cp_norm(rated),FC
[-],[g/h/kWrated]
Pdrive (Engine)= 156.3425,Extrapolation: Pe: -0.2
idle,16.58278
-0.2,0
-0.1,3.704487
0,10.14675
0.1,28.73112
0.2,45.0095
0.3,63.09936
0.4,83.91012
0.5,104.7304
0.6,126.562
0.7,143.5274
0.8000001,160.0402
0.9000001,180.7397
1,200.8281
